KCOR6_FIT,EnrollmentDate=2021_13,YoB=1920,Dose=0,k_hat=7.959286e-03,theta_hat=2.862383e-01,RMSE_Hobs=9.508608e-03,Hspan_Hobs=6.154850e-01,relRMSE_HobsSpan=1.544897e-02,z_end=3.091320e-01,n_obs=97,success=1,note=`gtol` termination condition is satisfied.
KCOR6_FIT,EnrollmentDate=2021_13,YoB=1920,Dose=1,k_hat=5.841321e-03,theta_hat=1.597220e-15,RMSE_Hobs=1.680657e-02,Hspan_Hobs=6.015380e-01,relRMSE_HobsSpan=2.793933e-02,z_end=1.483450e-15,n_obs=97,success=1,note=`ftol` termination condition is satisfied.
KCOR6_FIT,EnrollmentDate=2021_13,YoB=1920,Dose=2,k_hat=5.371409e-03,theta_hat=1.098586e-18,RMSE_Hobs=1.893335e-02,Hspan_Hobs=5.730843e-01,relRMSE_HobsSpan=3.303763e-02,z_end=9.382516e-19,n_obs=97,success=1,note=`xtol` termination condition is satisfied.
KCOR6_FIT,EnrollmentDate=2021_13,YoB=1930,Dose=0,k_hat=3.525000e-03,theta_hat=5.195864e-01,RMSE_Hobs=2.885129e-03,Hspan_Hobs=2.823133e-01,relRMSE_HobsSpan=1.021960e-02,z_end=2.555838e-01,n_obs=97,success=1,note=`gtol` termination condition is satisfied.
KCOR6_FIT,EnrollmentDate=2021_13,YoB=1930,Dose=1,k_hat=1.992613e-03,theta_hat=2.402623e-20,RMSE_Hobs=5.405893e-03,Hspan_Hobs=2.086474e-01,relRMSE_HobsSpan=2.590923e-02,z_end=7.612124e-21,n_obs=97,success=1,note=`gtol` termination condition is satisfied.
KCOR6_FIT,EnrollmentDate=2021_13,YoB=1930,Dose=2,k_hat=1.888255e-03,theta_hat=1.438183e-14,RMSE_Hobs=8.222758e-03,Hspan_Hobs=2.077883e-01,relRMSE_HobsSpan=3.957277e-02,z_end=4.317892e-15,n_obs=97,success=1,note=`ftol` termination condition is satisfied.
KCOR6_FIT,EnrollmentDate=2021_13,YoB=1940,Dose=0,k_hat=9.605469e-04,theta_hat=1.287471e+00,RMSE_Hobs=6.685250e-04,Hspan_Hobs=8.121348e-02,relRMSE_HobsSpan=8.231700e-03,z_end=1.795105e-01,n_obs=97,success=1,note=`gtol` termination condition is satisfied.
KCOR6_FIT,EnrollmentDate=2021_13,YoB=1940,Dose=1,k_hat=5.351604e-04,theta_hat=5.011980e-12,RMSE_Hobs=2.598905e-03,Hspan_Hobs=5.933913e-02,relRMSE_HobsSpan=4.379750e-02,z_end=4.264719e-13,n_obs=97,success=1,note=`gtol` termination condition is satisfied.
KCOR6_FIT,EnrollmentDate=2021_13,YoB=1940,Dose=2,k_hat=1.083012e-03,theta_hat=1.789791e-20,RMSE_Hobs=2.018341e-03,Hspan_Hobs=1.095593e-01,relRMSE_HobsSpan=1.842236e-02,z_end=3.082002e-21,n_obs=97,success=1,note=`gtol` termination condition is satisfied.
KCOR6_FIT,EnrollmentDate=2021_13,YoB=1950,Dose=0,k_hat=3.265774e-04,theta_hat=1.539854e+00,RMSE_Hobs=1.896602e-04,Hspan_Hobs=2.963724e-02,relRMSE_HobsSpan=6.399388e-03,z_end=7.692230e-02,n_obs=97,success=1,note=`gtol` termination condition is satisfied.
KCOR6_FIT,EnrollmentDate=2021_13,YoB=1950,Dose=1,k_hat=2.869347e-04,theta_hat=1.622059e-15,RMSE_Hobs=4.293225e-04,Hspan_Hobs=2.897626e-02,relRMSE_HobsSpan=1.481635e-02,z_end=7.400258e-17,n_obs=97,success=1,note=`gtol` termination condition is satisfied.
KCOR6_FIT,EnrollmentDate=2021_13,YoB=1950,Dose=2,k_hat=3.895828e-04,theta_hat=6.556681e-12,RMSE_Hobs=3.321856e-04,Hspan_Hobs=3.680449e-02,relRMSE_HobsSpan=9.025682e-03,z_end=4.061449e-13,n_obs=97,success=1,note=`gtol` termination condition is satisfied.
KCOR6_FIT,EnrollmentDate=2021_13,YoB=1960,Dose=0,k_hat=1.206163e-04,theta_hat=9.727796e-02,RMSE_Hobs=5.524015e-05,Hspan_Hobs=1.154659e-02,relRMSE_HobsSpan=4.784110e-03,z_end=1.863858e-03,n_obs=97,success=1,note=`gtol` termination condition is satisfied.
KCOR6_FIT,EnrollmentDate=2021_13,YoB=1960,Dose=1,k_hat=7.918936e-05,theta_hat=7.824088e+00,RMSE_Hobs=7.233111e-05,Hspan_Hobs=6.968153e-03,relRMSE_HobsSpan=1.038024e-02,z_end=9.395830e-02,n_obs=97,success=1,note=`gtol` termination condition is satisfied.
KCOR6_FIT,EnrollmentDate=2021_13,YoB=1960,Dose=2,k_hat=8.367056e-05,theta_hat=4.471430e-09,RMSE_Hobs=1.772850e-04,Hspan_Hobs=8.722749e-03,relRMSE_HobsSpan=2.032444e-02,z_end=5.948620e-11,n_obs=97,success=1,note=`gtol` termination condition is satisfied.
KCOR6_FIT,EnrollmentDate=2021_13,YoB=1970,Dose=0,k_hat=4.245135e-05,theta_hat=7.373609e-05,RMSE_Hobs=2.395622e-05,Hspan_Hobs=4.133411e-03,relRMSE_HobsSpan=5.795749e-03,z_end=4.977012e-07,n_obs=97,success=1,note=`gtol` termination condition is satisfied.
KCOR6_FIT,EnrollmentDate=2021_13,YoB=1970,Dose=1,k_hat=3.309333e-05,theta_hat=5.268578e-08,RMSE_Hobs=1.311899e-04,Hspan_Hobs=3.602843e-03,relRMSE_HobsSpan=3.641290e-02,z_end=2.772242e-10,n_obs=97,success=1,note=`gtol` termination condition is satisfied.
KCOR6_FIT,EnrollmentDate=2021_13,YoB=1970,Dose=2,k_hat=2.709831e-05,theta_hat=6.575024e-08,RMSE_Hobs=1.348894e-04,Hspan_Hobs=3.092372e-03,relRMSE_HobsSpan=4.362004e-02,z_end=2.832936e-10,n_obs=97,success=1,note=`gtol` termination condition is satisfied.
KCOR6_FIT,EnrollmentDate=2021_13,YoB=1980,Dose=0,k_hat=1.789565e-05,theta_hat=8.516193e-05,RMSE_Hobs=2.116503e-05,Hspan_Hobs=1.762034e-03,relRMSE_HobsSpan=1.201171e-02,z_end=2.423204e-07,n_obs=97,success=1,note=`gtol` termination condition is satisfied.
KCOR6_FIT,EnrollmentDate=2021_13,YoB=1980,Dose=1,k_hat=1.946419e-05,theta_hat=9.884913e-05,RMSE_Hobs=5.298512e-05,Hspan_Hobs=1.949529e-03,relRMSE_HobsSpan=2.717842e-02,z_end=3.059188e-07,n_obs=97,success=1,note=`gtol` termination condition is satisfied.
KCOR6_FIT,EnrollmentDate=2021_13,YoB=1980,Dose=2,k_hat=1.927631e-05,theta_hat=1.685702e-07,RMSE_Hobs=1.321960e-04,Hspan_Hobs=2.198037e-03,relRMSE_HobsSpan=6.014273e-02,z_end=5.166565e-10,n_obs=97,success=1,note=`gtol` termination condition is satisfied.
KCOR6_FIT,EnrollmentDate=2021_13,YoB=1990,Dose=0,k_hat=8.809273e-06,theta_hat=9.111830e-08,RMSE_Hobs=2.849185e-05,Hspan_Hobs=9.176216e-04,relRMSE_HobsSpan=3.104967e-02,z_end=1.276271e-10,n_obs=97,success=1,note=`gtol` termination condition is satisfied.
KCOR6_FIT,EnrollmentDate=2021_13,YoB=1990,Dose=1,k_hat=1.984282e-05,theta_hat=2.589570e+02,RMSE_Hobs=5.469060e-05,Hspan_Hobs=1.318431e-03,relRMSE_HobsSpan=4.148157e-02,z_end=5.971930e-01,n_obs=97,success=1,note=`gtol` termination condition is satisfied.
KCOR6_FIT,EnrollmentDate=2021_13,YoB=1990,Dose=2,k_hat=1.724786e-05,theta_hat=6.438055e-08,RMSE_Hobs=1.031130e-04,Hspan_Hobs=2.082642e-03,relRMSE_HobsSpan=4.951068e-02,z_end=1.765579e-10,n_obs=97,success=1,note=`gtol` termination condition is satisfied.
KCOR6_FIT,EnrollmentDate=2021_13,YoB=2000,Dose=0,k_hat=4.565840e-06,theta_hat=1.010950e-08,RMSE_Hobs=9.486654e-06,Hspan_Hobs=4.657687e-04,relRMSE_HobsSpan=2.036774e-02,z_end=7.339180e-12,n_obs=97,success=1,note=`gtol` termination condition is satisfied.
KCOR6_FIT,EnrollmentDate=2021_13,YoB=2000,Dose=1,k_hat=3.247027e-04,theta_hat=9.044472e+02,RMSE_Hobs=2.162973e-04,Hspan_Hobs=1.103347e-03,relRMSE_HobsSpan=1.960374e-01,z_end=3.864817e+00,n_obs=97,success=1,note=`gtol` termination condition is satisfied.
KCOR6_FIT,EnrollmentDate=2021_13,YoB=2000,Dose=2,k_hat=2.314149e-05,theta_hat=1.866382e-09,RMSE_Hobs=8.716046e-04,Hspan_Hobs=4.172468e-03,relRMSE_HobsSpan=2.088943e-01,z_end=6.867350e-12,n_obs=97,success=1,note=`gtol` termination condition is satisfied.
KCOR6_FIT,EnrollmentDate=2021_13,YoB=-2,Dose=0,k_hat=1.852439e-04,theta_hat=1.215002e+01,RMSE_Hobs=9.985448e-05,Hspan_Hobs=1.425540e-02,relRMSE_HobsSpan=7.004679e-03,z_end=3.059128e-01,n_obs=97,success=1,note=`gtol` termination condition is satisfied.
KCOR6_FIT,EnrollmentDate=2021_13,YoB=-2,Dose=1,k_hat=4.737739e-04,theta_hat=3.480874e-20,RMSE_Hobs=1.295405e-03,Hspan_Hobs=4.936315e-02,relRMSE_HobsSpan=2.624234e-02,z_end=2.622145e-21,n_obs=97,success=1,note=`gtol` termination condition is satisfied.
KCOR6_FIT,EnrollmentDate=2021_13,YoB=-2,Dose=2,k_hat=9.317478e-04,theta_hat=6.417681e-21,RMSE_Hobs=1.638347e-03,Hspan_Hobs=9.386264e-02,relRMSE_HobsSpan=1.745473e-02,z_end=9.507659e-22,n_obs=97,success=1,note=`gtol` termination condition is satisfied.
KCOR6_FIT,EnrollmentDate=2021_20,YoB=1920,Dose=0,k_hat=8.691861e-03,theta_hat=3.978495e-01,RMSE_Hobs=1.013470e-02,Hspan_Hobs=6.230931e-01,relRMSE_HobsSpan=1.626514e-02,z_end=4.224034e-01,n_obs=97,success=1,note=`gtol` termination condition is satisfied.
KCOR6_FIT,EnrollmentDate=2021_20,YoB=1920,Dose=1,k_hat=5.913943e-03,theta_hat=9.015336e-17,RMSE_Hobs=1.101041e-02,Hspan_Hobs=5.863355e-01,relRMSE_HobsSpan=1.877834e-02,z_end=8.104060e-17,n_obs=97,success=1,note=`gtol` termination condition is satisfied.
KCOR6_FIT,EnrollmentDate=2021_20,YoB=1920,Dose=2,k_hat=5.530514e-03,theta_hat=2.755325e-22,RMSE_Hobs=1.599162e-02,Hspan_Hobs=5.766771e-01,relRMSE_HobsSpan=2.773063e-02,z_end=2.316231e-22,n_obs=97,success=1,note=`gtol` termination condition is satisfied.
KCOR6_FIT,EnrollmentDate=2021_20,YoB=1930,Dose=0,k_hat=4.050922e-03,theta_hat=7.044659e-01,RMSE_Hobs=3.259064e-03,Hspan_Hobs=3.018120e-01,relRMSE_HobsSpan=1.079833e-02,z_end=3.603059e-01,n_obs=97,success=1,note=`gtol` termination condition is satisfied.
KCOR6_FIT,EnrollmentDate=2021_20,YoB=1930,Dose=1,k_hat=2.340867e-03,theta_hat=2.907047e-25,RMSE_Hobs=4.756878e-03,Hspan_Hobs=2.373802e-01,relRMSE_HobsSpan=2.003907e-02,z_end=1.034362e-25,n_obs=97,success=1,note=`gtol` termination condition is satisfied.
KCOR6_FIT,EnrollmentDate=2021_20,YoB=1930,Dose=2,k_hat=1.944085e-03,theta_hat=3.659254e-14,RMSE_Hobs=6.857217e-03,Hspan_Hobs=2.085654e-01,relRMSE_HobsSpan=3.287803e-02,z_end=1.081313e-14,n_obs=97,success=1,note=`ftol` termination condition is satisfied.
KCOR6_FIT,EnrollmentDate=2021_20,YoB=1940,Dose=0,k_hat=1.525114e-03,theta_hat=2.398861e+00,RMSE_Hobs=1.120585e-03,Hspan_Hobs=1.067958e-01,relRMSE_HobsSpan=1.049279e-02,z_end=4.421812e-01,n_obs=97,success=1,note=`ftol` termination condition is satisfied.
KCOR6_FIT,EnrollmentDate=2021_20,YoB=1940,Dose=1,k_hat=5.952651e-04,theta_hat=1.946374e-15,RMSE_Hobs=1.953650e-03,Hspan_Hobs=6.330694e-02,relRMSE_HobsSpan=3.085997e-02,z_end=1.761085e-16,n_obs=97,success=1,note=`gtol` termination condition is satisfied.
KCOR6_FIT,EnrollmentDate=2021_20,YoB=1940,Dose=2,k_hat=6.366555e-04,theta_hat=1.678397e-15,RMSE_Hobs=2.170356e-03,Hspan_Hobs=6.764691e-02,relRMSE_HobsSpan=3.208359e-02,z_end=1.624212e-16,n_obs=97,success=1,note=`gtol` termination condition is satisfied.
KCOR6_FIT,EnrollmentDate=2021_20,YoB=1950,Dose=0,k_hat=5.624401e-04,theta_hat=5.241606e+00,RMSE_Hobs=3.077863e-04,Hspan_Hobs=4.126276e-02,relRMSE_HobsSpan=7.459179e-03,z_end=3.702590e-01,n_obs=97,success=1,note=`gtol` termination condition is satisfied.
KCOR6_FIT,EnrollmentDate=2021_20,YoB=1950,Dose=1,k_hat=2.000951e-04,theta_hat=3.796798e-16,RMSE_Hobs=8.335869e-04,Hspan_Hobs=2.187052e-02,relRMSE_HobsSpan=3.811463e-02,z_end=1.154775e-17,n_obs=97,success=1,note=`gtol` termination condition is satisfied.
KCOR6_FIT,EnrollmentDate=2021_20,YoB=1950,Dose=2,k_hat=3.340988e-04,theta_hat=4.649098e-14,RMSE_Hobs=3.010606e-04,Hspan_Hobs=3.257715e-02,relRMSE_HobsSpan=9.241466e-03,z_end=2.360952e-15,n_obs=97,success=1,note=`gtol` termination condition is satisfied.
KCOR6_FIT,EnrollmentDate=2021_20,YoB=1960,Dose=0,k_hat=1.649592e-04,theta_hat=7.626277e+00,RMSE_Hobs=7.277338e-05,Hspan_Hobs=1.397524e-02,relRMSE_HobsSpan=5.207308e-03,z_end=1.749778e-01,n_obs=97,success=1,note=`gtol` termination condition is satisfied.
KCOR6_FIT,EnrollmentDate=2021_20,YoB=1960,Dose=1,k_hat=7.292917e-05,theta_hat=7.159719e-07,RMSE_Hobs=3.855154e-04,Hspan_Hobs=8.221560e-03,relRMSE_HobsSpan=4.689078e-02,z_end=7.936715e-09,n_obs=97,success=1,note=`gtol` termination condition is satisfied.
KCOR6_FIT,EnrollmentDate=2021_20,YoB=1960,Dose=2,k_hat=8.670171e-05,theta_hat=3.937754e-02,RMSE_Hobs=6.174393e-05,Hspan_Hobs=8.372001e-03,relRMSE_HobsSpan=7.375051e-03,z_end=5.188086e-04,n_obs=97,success=1,note=`gtol` termination condition is satisfied.
KCOR6_FIT,EnrollmentDate=2021_20,YoB=1970,Dose=0,k_hat=4.391429e-05,theta_hat=3.068064e-01,RMSE_Hobs=1.446673e-05,Hspan_Hobs=4.205889e-03,relRMSE_HobsSpan=3.439638e-03,z_end=2.045830e-03,n_obs=97,success=1,note=`gtol` termination condition is satisfied.
KCOR6_FIT,EnrollmentDate=2021_20,YoB=1970,Dose=1,k_hat=3.473771e-05,theta_hat=1.339331e-07,RMSE_Hobs=1.742369e-04,Hspan_Hobs=3.807693e-03,relRMSE_HobsSpan=4.575918e-02,z_end=7.071845e-10,n_obs=97,success=1,note=`gtol` termination condition is satisfied.
KCOR6_FIT,EnrollmentDate=2021_20,YoB=1970,Dose=2,k_hat=3.240835e-05,theta_hat=1.481087e-04,RMSE_Hobs=5.101037e-05,Hspan_Hobs=3.309664e-03,relRMSE_HobsSpan=1.541256e-02,z_end=7.295935e-07,n_obs=97,success=1,note=`gtol` termination condition is satisfied.
KCOR6_FIT,EnrollmentDate=2021_20,YoB=1980,Dose=0,k_hat=1.777384e-05,theta_hat=8.047650e-05,RMSE_Hobs=1.987329e-05,Hspan_Hobs=1.743286e-03,relRMSE_HobsSpan=1.139990e-02,z_end=2.174172e-07,n_obs=97,success=1,note=`gtol` termination condition is satisfied.
KCOR6_FIT,EnrollmentDate=2021_20,YoB=1980,Dose=1,k_hat=2.358281e-05,theta_hat=5.475356e+01,RMSE_Hobs=3.243171e-05,Hspan_Hobs=2.039167e-03,relRMSE_HobsSpan=1.590439e-02,z_end=1.792075e-01,n_obs=97,success=1,note=`gtol` termination condition is satisfied.
KCOR6_FIT,EnrollmentDate=2021_20,YoB=1980,Dose=2,k_hat=2.029554e-05,theta_hat=4.795086e-09,RMSE_Hobs=6.931764e-05,Hspan_Hobs=2.083970e-03,relRMSE_HobsSpan=3.326230e-02,z_end=1.479247e-11,n_obs=97,success=1,note=`gtol` termination condition is satisfied.
KCOR6_FIT,EnrollmentDate=2021_20,YoB=1990,Dose=0,k_hat=8.743008e-06,theta_hat=6.549132e-08,RMSE_Hobs=2.549478e-05,Hspan_Hobs=8.996442e-04,relRMSE_HobsSpan=2.833874e-02,z_end=8.703385e-11,n_obs=97,success=1,note=`gtol` termination condition is satisfied.
KCOR6_FIT,EnrollmentDate=2021_20,YoB=1990,Dose=1,k_hat=1.189650e-05,theta_hat=1.934582e-08,RMSE_Hobs=8.541705e-05,Hspan_Hobs=1.374599e-03,relRMSE_HobsSpan=6.213961e-02,z_end=3.498243e-11,n_obs=97,success=1,note=`gtol` termination condition is satisfied.
KCOR6_FIT,EnrollmentDate=2021_20,YoB=1990,Dose=2,k_hat=1.860869e-05,theta_hat=7.847295e+01,RMSE_Hobs=3.140761e-05,Hspan_Hobs=1.647497e-03,relRMSE_HobsSpan=1.906383e-02,z_end=2.004581e-01,n_obs=97,success=1,note=`gtol` termination condition is satisfied.
KCOR6_FIT,EnrollmentDate=2021_20,YoB=2000,Dose=0,k_hat=4.563650e-06,theta_hat=2.189613e-05,RMSE_Hobs=5.791548e-06,Hspan_Hobs=4.498592e-04,relRMSE_HobsSpan=1.287413e-02,z_end=1.518879e-08,n_obs=97,success=1,note=`gtol` termination condition is satisfied.
KCOR6_FIT,EnrollmentDate=2021_20,YoB=2000,Dose=1,k_hat=3.406971e-05,theta_hat=1.155345e+02,RMSE_Hobs=1.913856e-04,Hspan_Hobs=2.697801e-03,relRMSE_HobsSpan=7.094132e-02,z_end=4.689446e-01,n_obs=97,success=1,note=`ftol` termination condition is satisfied.
KCOR6_FIT,EnrollmentDate=2021_20,YoB=2000,Dose=2,k_hat=2.897498e-05,theta_hat=1.047382e+02,RMSE_Hobs=1.348298e-04,Hspan_Hobs=1.997836e-03,relRMSE_HobsSpan=6.748789e-02,z_end=3.793181e-01,n_obs=97,success=1,note=`gtol` termination condition is satisfied.
KCOR6_FIT,EnrollmentDate=2021_20,YoB=-2,Dose=0,k_hat=1.831517e-04,theta_hat=2.575443e+01,RMSE_Hobs=9.164607e-05,Hspan_Hobs=1.187424e-02,relRMSE_HobsSpan=7.718054e-03,z_end=5.405665e-01,n_obs=97,success=1,note=`gtol` termination condition is satisfied.
KCOR6_FIT,EnrollmentDate=2021_20,YoB=-2,Dose=1,k_hat=1.960446e-04,theta_hat=7.084306e-19,RMSE_Hobs=5.717647e-04,Hspan_Hobs=2.059895e-02,relRMSE_HobsSpan=2.775699e-02,z_end=2.111037e-20,n_obs=97,success=1,note=`gtol` termination condition is satisfied.
KCOR6_FIT,EnrollmentDate=2021_20,YoB=-2,Dose=2,k_hat=6.584970e-04,theta_hat=3.454074e-10,RMSE_Hobs=1.137563e-03,Hspan_Hobs=6.629146e-02,relRMSE_HobsSpan=1.716002e-02,z_end=3.457236e-11,n_obs=97,success=1,note=`gtol` termination condition is satisfied.
KCOR6_FIT,EnrollmentDate=2021_24,YoB=1920,Dose=0,k_hat=9.017554e-03,theta_hat=4.501739e-01,RMSE_Hobs=1.017507e-02,Hspan_Hobs=6.266377e-01,relRMSE_HobsSpan=1.623757e-02,z_end=4.705042e-01,n_obs=97,success=1,note=`ftol` termination condition is satisfied.
KCOR6_FIT,EnrollmentDate=2021_24,YoB=1920,Dose=1,k_hat=6.099794e-03,theta_hat=9.515044e-17,RMSE_Hobs=1.242249e-02,Hspan_Hobs=6.090206e-01,relRMSE_HobsSpan=2.039748e-02,z_end=8.589892e-17,n_obs=97,success=1,note=`gtol` termination condition is satisfied.
KCOR6_FIT,EnrollmentDate=2021_24,YoB=1920,Dose=2,k_hat=5.588872e-03,theta_hat=2.026430e-19,RMSE_Hobs=1.418607e-02,Hspan_Hobs=5.754509e-01,relRMSE_HobsSpan=2.465210e-02,z_end=1.676168e-19,n_obs=97,success=1,note=`gtol` termination condition is satisfied.
KCOR6_FIT,EnrollmentDate=2021_24,YoB=1930,Dose=0,k_hat=4.292027e-03,theta_hat=8.021978e-01,RMSE_Hobs=3.371416e-03,Hspan_Hobs=3.086513e-01,relRMSE_HobsSpan=1.092306e-02,z_end=4.118262e-01,n_obs=97,success=1,note=`gtol` termination condition is satisfied.
KCOR6_FIT,EnrollmentDate=2021_24,YoB=1930,Dose=1,k_hat=2.471012e-03,theta_hat=1.857249e-17,RMSE_Hobs=3.363414e-03,Hspan_Hobs=2.434307e-01,relRMSE_HobsSpan=1.381672e-02,z_end=6.792142e-18,n_obs=97,success=1,note=`gtol` termination condition is satisfied.
KCOR6_FIT,EnrollmentDate=2021_24,YoB=1930,Dose=2,k_hat=1.983694e-03,theta_hat=8.662789e-16,RMSE_Hobs=6.281244e-03,Hspan_Hobs=2.102158e-01,relRMSE_HobsSpan=2.987998e-02,z_end=2.543280e-16,n_obs=97,success=1,note=`gtol` termination condition is satisfied.
KCOR6_FIT,EnrollmentDate=2021_24,YoB=1940,Dose=0,k_hat=1.746761e-03,theta_hat=2.973756e+00,RMSE_Hobs=1.293284e-03,Hspan_Hobs=1.116933e-01,relRMSE_HobsSpan=1.157889e-02,z_end=5.702885e-01,n_obs=97,success=1,note=`ftol` termination condition is satisfied.
KCOR6_FIT,EnrollmentDate=2021_24,YoB=1940,Dose=1,k_hat=7.777918e-04,theta_hat=1.334609e-16,RMSE_Hobs=2.417957e-03,Hspan_Hobs=8.162807e-02,relRMSE_HobsSpan=2.962164e-02,z_end=1.536311e-17,n_obs=97,success=1,note=`gtol` termination condition is satisfied.
KCOR6_FIT,EnrollmentDate=2021_24,YoB=1940,Dose=2,k_hat=6.217561e-04,theta_hat=2.028804e-11,RMSE_Hobs=1.903545e-03,Hspan_Hobs=6.542491e-02,relRMSE_HobsSpan=2.909511e-02,z_end=1.866903e-12,n_obs=97,success=1,note=`xtol` termination condition is satisfied.
KCOR6_FIT,EnrollmentDate=2021_24,YoB=1950,Dose=0,k_hat=6.890195e-04,theta_hat=6.976506e+00,RMSE_Hobs=3.792498e-04,Hspan_Hobs=4.479932e-02,relRMSE_HobsSpan=8.465527e-03,z_end=5.373284e-01,n_obs=97,success=1,note=`gtol` termination condition is satisfied.
KCOR6_FIT,EnrollmentDate=2021_24,YoB=1950,Dose=1,k_hat=2.362433e-04,theta_hat=3.684228e-17,RMSE_Hobs=8.247332e-04,Hspan_Hobs=2.511951e-02,relRMSE_HobsSpan=3.283238e-02,z_end=1.288154e-18,n_obs=97,success=1,note=`gtol` termination condition is satisfied.
KCOR6_FIT,EnrollmentDate=2021_24,YoB=1950,Dose=2,k_hat=2.359058e-04,theta_hat=3.464969e-17,RMSE_Hobs=6.307644e-04,Hspan_Hobs=2.464466e-02,relRMSE_HobsSpan=2.559437e-02,z_end=1.209761e-18,n_obs=97,success=1,note=`gtol` termination condition is satisfied.
KCOR6_FIT,EnrollmentDate=2021_24,YoB=1960,Dose=0,k_hat=2.077018e-04,theta_hat=1.312681e+01,RMSE_Hobs=8.999910e-05,Hspan_Hobs=1.568010e-02,relRMSE_HobsSpan=5.739702e-03,z_end=3.389808e-01,n_obs=97,success=1,note=`gtol` termination condition is satisfied.
KCOR6_FIT,EnrollmentDate=2021_24,YoB=1960,Dose=1,k_hat=7.263272e-05,theta_hat=6.276817e-07,RMSE_Hobs=3.888241e-04,Hspan_Hobs=8.177001e-03,relRMSE_HobsSpan=4.755094e-02,z_end=6.747354e-09,n_obs=97,success=1,note=`gtol` termination condition is satisfied.
KCOR6_FIT,EnrollmentDate=2021_24,YoB=1960,Dose=2,k_hat=9.996565e-05,theta_hat=7.009001e-18,RMSE_Hobs=1.471810e-04,Hspan_Hobs=1.004328e-02,relRMSE_HobsSpan=1.465467e-02,z_end=1.036976e-19,n_obs=97,success=1,note=`gtol` termination condition is satisfied.
KCOR6_FIT,EnrollmentDate=2021_24,YoB=1970,Dose=0,k_hat=6.532261e-05,theta_hat=2.301898e+01,RMSE_Hobs=2.344398e-05,Hspan_Hobs=5.450853e-03,relRMSE_HobsSpan=4.300975e-03,z_end=2.009320e-01,n_obs=97,success=1,note=`gtol` termination condition is satisfied.
KCOR6_FIT,EnrollmentDate=2021_24,YoB=1970,Dose=1,k_hat=2.424584e-05,theta_hat=1.111412e-07,RMSE_Hobs=1.399993e-04,Hspan_Hobs=2.752313e-03,relRMSE_HobsSpan=5.086604e-02,z_end=3.988175e-10,n_obs=97,success=1,note=`gtol` termination condition is satisfied.
KCOR6_FIT,EnrollmentDate=2021_24,YoB=1970,Dose=2,k_hat=3.984584e-05,theta_hat=1.872734e-04,RMSE_Hobs=4.837411e-05,Hspan_Hobs=4.003893e-03,relRMSE_HobsSpan=1.208177e-02,z_end=1.104385e-06,n_obs=97,success=1,note=`gtol` termination condition is satisfied.
KCOR6_FIT,EnrollmentDate=2021_24,YoB=1980,Dose=0,k_hat=2.210069e-05,theta_hat=1.678723e+01,RMSE_Hobs=1.244967e-05,Hspan_Hobs=2.033416e-03,relRMSE_HobsSpan=6.122541e-03,z_end=5.345486e-02,n_obs=97,success=1,note=`gtol` termination condition is satisfied.
KCOR6_FIT,EnrollmentDate=2021_24,YoB=1980,Dose=1,k_hat=1.016292e-05,theta_hat=3.060229e-08,RMSE_Hobs=6.868042e-05,Hspan_Hobs=1.158516e-03,relRMSE_HobsSpan=5.928311e-02,z_end=4.602928e-11,n_obs=97,success=1,note=`gtol` termination condition is satisfied.
KCOR6_FIT,EnrollmentDate=2021_24,YoB=1980,Dose=2,k_hat=2.127940e-05,theta_hat=2.655618e-06,RMSE_Hobs=2.165921e-05,Hspan_Hobs=2.079180e-03,relRMSE_HobsSpan=1.041719e-02,z_end=8.363473e-09,n_obs=97,success=1,note=`gtol` termination condition is satisfied.
KCOR6_FIT,EnrollmentDate=2021_24,YoB=1990,Dose=0,k_hat=9.110571e-06,theta_hat=2.656823e-08,RMSE_Hobs=1.824173e-05,Hspan_Hobs=9.107848e-04,relRMSE_HobsSpan=2.002858e-02,z_end=3.582366e-11,n_obs=97,success=1,note=`gtol` termination condition is satisfied.
KCOR6_FIT,EnrollmentDate=2021_24,YoB=1990,Dose=1,k_hat=7.811025e-06,theta_hat=5.360869e-08,RMSE_Hobs=6.487400e-05,Hspan_Hobs=9.110503e-04,relRMSE_HobsSpan=7.120792e-02,z_end=6.197335e-11,n_obs=97,success=1,note=`gtol` termination condition is satisfied.
KCOR6_FIT,EnrollmentDate=2021_24,YoB=1990,Dose=2,k_hat=1.552130e-05,theta_hat=3.688353e+01,RMSE_Hobs=3.545695e-05,Hspan_Hobs=1.513146e-03,relRMSE_HobsSpan=2.343260e-02,z_end=8.132841e-02,n_obs=97,success=1,note=`gtol` termination condition is satisfied.
KCOR6_FIT,EnrollmentDate=2021_24,YoB=2000,Dose=0,k_hat=4.615703e-06,theta_hat=1.701772e-05,RMSE_Hobs=4.077633e-06,Hspan_Hobs=4.486639e-04,relRMSE_HobsSpan=9.088391e-03,z_end=1.162521e-08,n_obs=97,success=1,note=`gtol` termination condition is satisfied.
KCOR6_FIT,EnrollmentDate=2021_24,YoB=2000,Dose=1,k_hat=6.928146e-06,theta_hat=4.160758e-08,RMSE_Hobs=4.400423e-05,Hspan_Hobs=6.760196e-04,relRMSE_HobsSpan=6.509313e-02,z_end=4.266298e-11,n_obs=97,success=1,note=`gtol` termination condition is satisfied.
KCOR6_FIT,EnrollmentDate=2021_24,YoB=2000,Dose=2,k_hat=3.991596e-05,theta_hat=2.156524e+02,RMSE_Hobs=1.231441e-04,Hspan_Hobs=2.262241e-03,relRMSE_HobsSpan=5.443456e-02,z_end=8.215315e-01,n_obs=97,success=1,note=`gtol` termination condition is satisfied.
KCOR6_FIT,EnrollmentDate=2021_24,YoB=-2,Dose=0,k_hat=2.232086e-04,theta_hat=2.966037e+01,RMSE_Hobs=1.071374e-04,Hspan_Hobs=1.304513e-02,relRMSE_HobsSpan=8.212826e-03,z_end=6.830093e-01,n_obs=97,success=1,note=`gtol` termination condition is satisfied.
KCOR6_FIT,EnrollmentDate=2021_24,YoB=-2,Dose=1,k_hat=1.024736e-04,theta_hat=4.778934e-08,RMSE_Hobs=2.775652e-04,Hspan_Hobs=1.064332e-02,relRMSE_HobsSpan=2.607883e-02,z_end=7.247774e-10,n_obs=97,success=1,note=`gtol` termination condition is satisfied.
KCOR6_FIT,EnrollmentDate=2021_24,YoB=-2,Dose=2,k_hat=4.893585e-04,theta_hat=4.327584e-14,RMSE_Hobs=8.031776e-04,Hspan_Hobs=4.916933e-02,relRMSE_HobsSpan=1.633493e-02,z_end=3.134256e-15,n_obs=97,success=1,note=`gtol` termination condition is satisfied.
KCOR6_FIT,EnrollmentDate=2021_30,YoB=1920,Dose=0,k_hat=9.423202e-03,theta_hat=5.320152e-01,RMSE_Hobs=9.790272e-03,Hspan_Hobs=6.269864e-01,relRMSE_HobsSpan=1.561481e-02,z_end=5.375961e-01,n_obs=97,success=1,note=`ftol` termination condition is satisfied.
KCOR6_FIT,EnrollmentDate=2021_30,YoB=1920,Dose=1,k_hat=6.971528e-03,theta_hat=1.355698e-01,RMSE_Hobs=1.306792e-02,Hspan_Hobs=5.898596e-01,relRMSE_HobsSpan=2.215430e-02,z_end=1.259349e-01,n_obs=97,success=1,note=`ftol` termination condition is satisfied.
KCOR6_FIT,EnrollmentDate=2021_30,YoB=1920,Dose=2,k_hat=5.698060e-03,theta_hat=4.705084e-19,RMSE_Hobs=1.195829e-02,Hspan_Hobs=5.776424e-01,relRMSE_HobsSpan=2.070188e-02,z_end=3.806999e-19,n_obs=97,success=1,note=`gtol` termination condition is satisfied.
KCOR6_FIT,EnrollmentDate=2021_30,YoB=1930,Dose=0,k_hat=4.504947e-03,theta_hat=9.017286e-01,RMSE_Hobs=3.485401e-03,Hspan_Hobs=3.152300e-01,relRMSE_HobsSpan=1.105669e-02,z_end=4.554216e-01,n_obs=97,success=1,note=`gtol` termination condition is satisfied.
KCOR6_FIT,EnrollmentDate=2021_30,YoB=1930,Dose=1,k_hat=3.152496e-03,theta_hat=8.171408e-01,RMSE_Hobs=3.146895e-03,Hspan_Hobs=2.428617e-01,relRMSE_HobsSpan=1.295756e-02,z_end=3.117379e-01,n_obs=97,success=1,note=`ftol` termination condition is satisfied.
KCOR6_FIT,EnrollmentDate=2021_30,YoB=1930,Dose=2,k_hat=2.037451e-03,theta_hat=4.743466e-12,RMSE_Hobs=5.288021e-03,Hspan_Hobs=2.118839e-01,relRMSE_HobsSpan=2.495717e-02,z_end=1.372371e-12,n_obs=97,success=1,note=`xtol` termination condition is satisfied.
KCOR6_FIT,EnrollmentDate=2021_30,YoB=1940,Dose=0,k_hat=1.905290e-03,theta_hat=3.356118e+00,RMSE_Hobs=1.500320e-03,Hspan_Hobs=1.156756e-01,relRMSE_HobsSpan=1.297007e-02,z_end=6.460564e-01,n_obs=97,success=1,note=`ftol` termination condition is satisfied.
KCOR6_FIT,EnrollmentDate=2021_30,YoB=1940,Dose=1,k_hat=9.968195e-04,theta_hat=1.025062e+00,RMSE_Hobs=6.610247e-04,Hspan_Hobs=8.805227e-02,relRMSE_HobsSpan=7.507185e-03,z_end=1.354883e-01,n_obs=97,success=1,note=`gtol` termination condition is satisfied.
KCOR6_FIT,EnrollmentDate=2021_30,YoB=1940,Dose=2,k_hat=6.487218e-04,theta_hat=3.446406e-13,RMSE_Hobs=1.740894e-03,Hspan_Hobs=6.738465e-02,relRMSE_HobsSpan=2.583517e-02,z_end=3.174777e-14,n_obs=97,success=1,note=`xtol` termination condition is satisfied.
KCOR6_FIT,EnrollmentDate=2021_30,YoB=1950,Dose=0,k_hat=7.679646e-04,theta_hat=7.939743e+00,RMSE_Hobs=4.721945e-04,Hspan_Hobs=4.722502e-02,relRMSE_HobsSpan=9.998821e-03,z_end=6.237096e-01,n_obs=97,success=1,note=`ftol` termination condition is satisfied.
KCOR6_FIT,EnrollmentDate=2021_30,YoB=1950,Dose=1,k_hat=3.950919e-04,theta_hat=3.090480e+00,RMSE_Hobs=1.926706e-04,Hspan_Hobs=3.369650e-02,relRMSE_HobsSpan=5.717821e-03,z_end=1.598930e-01,n_obs=97,success=1,note=`gtol` termination condition is satisfied.
KCOR6_FIT,EnrollmentDate=2021_30,YoB=1950,Dose=2,k_hat=2.385267e-04,theta_hat=6.589499e-13,RMSE_Hobs=6.209604e-04,Hspan_Hobs=2.475467e-02,relRMSE_HobsSpan=2.508457e-02,z_end=2.231915e-14,n_obs=97,success=1,note=`gtol` termination condition is satisfied.
KCOR6_FIT,EnrollmentDate=2021_30,YoB=1960,Dose=0,k_hat=2.310392e-04,theta_hat=1.693605e+01,RMSE_Hobs=1.110335e-04,Hspan_Hobs=1.624843e-02,relRMSE_HobsSpan=6.833492e-03,z_end=4.418809e-01,n_obs=97,success=1,note=`gtol` termination condition is satisfied.
KCOR6_FIT,EnrollmentDate=2021_30,YoB=1960,Dose=1,k_hat=1.242388e-04,theta_hat=5.193551e-12,RMSE_Hobs=1.750749e-04,Hspan_Hobs=1.242400e-02,relRMSE_HobsSpan=1.409167e-02,z_end=9.162415e-14,n_obs=97,success=1,note=`gtol` termination condition is satisfied.
KCOR6_FIT,EnrollmentDate=2021_30,YoB=1960,Dose=2,k_hat=8.161944e-05,theta_hat=1.244992e-07,RMSE_Hobs=3.016851e-04,Hspan_Hobs=8.764130e-03,relRMSE_HobsSpan=3.442271e-02,z_end=1.442940e-09,n_obs=97,success=1,note=`gtol` termination condition is satisfied.
KCOR6_FIT,EnrollmentDate=2021_30,YoB=1970,Dose=0,k_hat=7.296125e-05,theta_hat=3.331282e+01,RMSE_Hobs=2.753919e-05,Hspan_Hobs=5.728039e-03,relRMSE_HobsSpan=4.807787e-03,z_end=2.964961e-01,n_obs=97,success=1,note=`gtol` termination condition is satisfied.
KCOR6_FIT,EnrollmentDate=2021_30,YoB=1970,Dose=1,k_hat=4.219908e-05,theta_hat=3.665257e-08,RMSE_Hobs=1.733692e-04,Hspan_Hobs=4.397325e-03,relRMSE_HobsSpan=3.942607e-02,z_end=2.196320e-10,n_obs=97,success=1,note=`gtol` termination condition is satisfied.
KCOR6_FIT,EnrollmentDate=2021_30,YoB=1970,Dose=2,k_hat=2.770714e-05,theta_hat=2.329404e-08,RMSE_Hobs=1.105392e-04,Hspan_Hobs=3.010224e-03,relRMSE_HobsSpan=3.672124e-02,z_end=9.164840e-11,n_obs=97,success=1,note=`gtol` termination condition is satisfied.
KCOR6_FIT,EnrollmentDate=2021_30,YoB=1980,Dose=0,k_hat=2.477966e-05,theta_hat=2.387992e+01,RMSE_Hobs=1.497228e-05,Hspan_Hobs=2.226662e-03,relRMSE_HobsSpan=6.724092e-03,z_end=8.068237e-02,n_obs=97,success=1,note=`gtol` termination condition is satisfied.
KCOR6_FIT,EnrollmentDate=2021_30,YoB=1980,Dose=1,k_hat=1.448898e-05,theta_hat=1.619893e+01,RMSE_Hobs=3.551761e-05,Hspan_Hobs=1.411383e-03,relRMSE_HobsSpan=2.516511e-02,z_end=3.278491e-02,n_obs=97,success=1,note=`gtol` termination condition is satisfied.
KCOR6_FIT,EnrollmentDate=2021_30,YoB=1980,Dose=2,k_hat=1.243091e-05,theta_hat=6.564716e-09,RMSE_Hobs=5.717588e-05,Hspan_Hobs=1.347899e-03,relRMSE_HobsSpan=4.241852e-02,z_end=1.158796e-11,n_obs=97,success=1,note=`gtol` termination condition is satisfied.
KCOR6_FIT,EnrollmentDate=2021_30,YoB=1990,Dose=0,k_hat=1.078786e-05,theta_hat=5.097031e-05,RMSE_Hobs=1.374190e-05,Hspan_Hobs=1.040084e-03,relRMSE_HobsSpan=1.321229e-02,z_end=7.808024e-08,n_obs=97,success=1,note=`gtol` termination condition is satisfied.
KCOR6_FIT,EnrollmentDate=2021_30,YoB=1990,Dose=1,k_hat=5.802769e-06,theta_hat=4.578211e-08,RMSE_Hobs=2.672667e-05,Hspan_Hobs=6.329992e-04,relRMSE_HobsSpan=4.222229e-02,z_end=3.772415e-11,n_obs=97,success=1,note=`gtol` termination condition is satisfied.
KCOR6_FIT,EnrollmentDate=2021_30,YoB=1990,Dose=2,k_hat=9.733360e-06,theta_hat=9.092870e-08,RMSE_Hobs=3.385044e-05,Hspan_Hobs=1.041888e-03,relRMSE_HobsSpan=3.248951e-02,z_end=1.256759e-10,n_obs=97,success=1,note=`gtol` termination condition is satisfied.
KCOR6_FIT,EnrollmentDate=2021_30,YoB=2000,Dose=0,k_hat=5.149963e-06,theta_hat=1.270038e+02,RMSE_Hobs=3.483534e-06,Hspan_Hobs=4.660534e-04,relRMSE_HobsSpan=7.474538e-03,z_end=8.881387e-02,n_obs=97,success=1,note=`gtol` termination condition is satisfied.
KCOR6_FIT,EnrollmentDate=2021_30,YoB=2000,Dose=1,k_hat=3.845577e-06,theta_hat=2.037791e-08,RMSE_Hobs=1.749890e-05,Hspan_Hobs=4.050518e-04,relRMSE_HobsSpan=4.320164e-02,z_end=1.112781e-11,n_obs=97,success=1,note=`gtol` termination condition is satisfied.
KCOR6_FIT,EnrollmentDate=2021_30,YoB=2000,Dose=2,k_hat=1.047021e-05,theta_hat=2.701817e+02,RMSE_Hobs=3.092864e-05,Hspan_Hobs=8.264503e-04,relRMSE_HobsSpan=3.742348e-02,z_end=3.376845e-01,n_obs=97,success=1,note=`gtol` termination condition is satisfied.
KCOR6_FIT,EnrollmentDate=2021_30,YoB=-2,Dose=0,k_hat=2.714080e-04,theta_hat=2.956974e+01,RMSE_Hobs=1.352741e-04,Hspan_Hobs=1.507158e-02,relRMSE_HobsSpan=8.975443e-03,z_end=7.606263e-01,n_obs=97,success=1,note=`gtol` termination condition is satisfied.
KCOR6_FIT,EnrollmentDate=2021_30,YoB=-2,Dose=1,k_hat=7.792122e-05,theta_hat=1.906245e+01,RMSE_Hobs=2.891377e-05,Hspan_Hobs=6.537938e-03,relRMSE_HobsSpan=4.422460e-03,z_end=1.913824e-01,n_obs=97,success=1,note=`gtol` termination condition is satisfied.
KCOR6_FIT,EnrollmentDate=2021_30,YoB=-2,Dose=2,k_hat=2.742349e-04,theta_hat=1.084457e-15,RMSE_Hobs=3.950854e-04,Hspan_Hobs=2.734115e-02,relRMSE_HobsSpan=1.445021e-02,z_end=4.223022e-17,n_obs=97,success=1,note=`gtol` termination condition is satisfied.
KCOR6_FIT,EnrollmentDate=2022_06,YoB=1920,Dose=0,k_hat=8.807401e-03,theta_hat=7.020971e-01,RMSE_Hobs=9.784247e-03,Hspan_Hobs=6.189049e-01,relRMSE_HobsSpan=1.580897e-02,z_end=5.335277e-01,n_obs=97,success=1,note=`gtol` termination condition is satisfied.
KCOR6_FIT,EnrollmentDate=2022_06,YoB=1920,Dose=1,k_hat=5.444227e-03,theta_hat=3.332829e-12,RMSE_Hobs=1.877695e-02,Hspan_Hobs=5.705652e-01,relRMSE_HobsSpan=3.290939e-02,z_end=2.068493e-12,n_obs=97,success=1,note=`xtol` termination condition is satisfied.
KCOR6_FIT,EnrollmentDate=2022_06,YoB=1920,Dose=2,k_hat=7.699376e-03,theta_hat=1.793856e-01,RMSE_Hobs=5.422395e-03,Hspan_Hobs=6.729570e-01,relRMSE_HobsSpan=8.057565e-03,z_end=1.462209e-01,n_obs=97,success=1,note=`gtol` termination condition is satisfied.
KCOR6_FIT,EnrollmentDate=2022_06,YoB=1920,Dose=3,k_hat=5.630450e-03,theta_hat=5.996914e-13,RMSE_Hobs=1.146985e-02,Hspan_Hobs=5.672104e-01,relRMSE_HobsSpan=2.022152e-02,z_end=3.849247e-13,n_obs=97,success=1,note=`gtol` termination condition is satisfied.
KCOR6_FIT,EnrollmentDate=2022_06,YoB=1930,Dose=0,k_hat=3.850884e-03,theta_hat=6.576674e-01,RMSE_Hobs=3.596048e-03,Hspan_Hobs=3.197889e-01,relRMSE_HobsSpan=1.124507e-02,z_end=2.536468e-01,n_obs=97,success=1,note=`gtol` termination condition is satisfied.
KCOR6_FIT,EnrollmentDate=2022_06,YoB=1930,Dose=1,k_hat=5.100517e-03,theta_hat=8.475241e-01,RMSE_Hobs=5.846733e-03,Hspan_Hobs=3.800942e-01,relRMSE_HobsSpan=1.538233e-02,z_end=4.006539e-01,n_obs=97,success=1,note=`ftol` termination condition is satisfied.
KCOR6_FIT,EnrollmentDate=2022_06,YoB=1930,Dose=2,k_hat=3.517516e-03,theta_hat=6.987184e-01,RMSE_Hobs=2.631927e-03,Hspan_Hobs=2.922746e-01,relRMSE_HobsSpan=9.004980e-03,z_end=2.470037e-01,n_obs=97,success=1,note=`gtol` termination condition is satisfied.
KCOR6_FIT,EnrollmentDate=2022_06,YoB=1930,Dose=3,k_hat=1.978741e-03,theta_hat=1.180679e-16,RMSE_Hobs=4.753220e-03,Hspan_Hobs=2.036794e-01,relRMSE_HobsSpan=2.333678e-02,z_end=2.663335e-17,n_obs=97,success=1,note=`gtol` termination condition is satisfied.
KCOR6_FIT,EnrollmentDate=2022_06,YoB=1940,Dose=0,k_hat=1.477074e-03,theta_hat=2.347674e+00,RMSE_Hobs=1.295538e-03,Hspan_Hobs=1.169454e-01,relRMSE_HobsSpan=1.107815e-02,z_end=3.331212e-01,n_obs=97,success=1,note=`gtol` termination condition is satisfied.
KCOR6_FIT,EnrollmentDate=2022_06,YoB=1940,Dose=1,k_hat=2.098390e-03,theta_hat=2.319076e+00,RMSE_Hobs=2.339363e-03,Hspan_Hobs=1.567252e-01,relRMSE_HobsSpan=1.492652e-02,z_end=4.413218e-01,n_obs=97,success=1,note=`ftol` termination condition is satisfied.
KCOR6_FIT,EnrollmentDate=2022_06,YoB=1940,Dose=2,k_hat=1.210360e-03,theta_hat=1.479479e+00,RMSE_Hobs=9.060790e-04,Hspan_Hobs=1.039425e-01,relRMSE_HobsSpan=8.717117e-03,z_end=1.857656e-01,n_obs=97,success=1,note=`gtol` termination condition is satisfied.
KCOR6_FIT,EnrollmentDate=2022_06,YoB=1940,Dose=3,k_hat=6.202945e-04,theta_hat=1.125813e-11,RMSE_Hobs=1.681977e-03,Hspan_Hobs=6.420413e-02,relRMSE_HobsSpan=2.619734e-02,z_end=7.961023e-13,n_obs=97,success=1,note=`gtol` termination condition is satisfied.
KCOR6_FIT,EnrollmentDate=2022_06,YoB=1950,Dose=0,k_hat=5.872580e-04,theta_hat=5.919616e+00,RMSE_Hobs=4.050420e-04,Hspan_Hobs=4.655263e-02,relRMSE_HobsSpan=8.700732e-03,z_end=3.338280e-01,n_obs=97,success=1,note=`gtol` termination condition is satisfied.
KCOR6_FIT,EnrollmentDate=2022_06,YoB=1950,Dose=1,k_hat=8.953267e-04,theta_hat=4.327821e+00,RMSE_Hobs=1.303707e-03,Hspan_Hobs=6.917136e-02,relRMSE_HobsSpan=1.884750e-02,z_end=3.658429e-01,n_obs=97,success=1,note=`gtol` termination condition is satisfied.
KCOR6_FIT,EnrollmentDate=2022_06,YoB=1950,Dose=2,k_hat=4.324815e-04,theta_hat=3.757497e+00,RMSE_Hobs=1.940189e-04,Hspan_Hobs=3.737061e-02,relRMSE_HobsSpan=5.191752e-03,z_end=1.699583e-01,n_obs=97,success=1,note=`gtol` termination condition is satisfied.
KCOR6_FIT,EnrollmentDate=2022_06,YoB=1950,Dose=3,k_hat=2.301195e-04,theta_hat=6.886817e-16,RMSE_Hobs=6.445090e-04,Hspan_Hobs=2.387522e-02,relRMSE_HobsSpan=2.699490e-02,z_end=1.806662e-17,n_obs=97,success=1,note=`gtol` termination condition is satisfied.
KCOR6_FIT,EnrollmentDate=2022_06,YoB=1960,Dose=0,k_hat=1.887232e-04,theta_hat=9.852245e+00,RMSE_Hobs=1.140407e-04,Hspan_Hobs=1.626964e-02,relRMSE_HobsSpan=7.009419e-03,z_end=1.922435e-01,n_obs=97,success=1,note=`gtol` termination condition is satisfied.
KCOR6_FIT,EnrollmentDate=2022_06,YoB=1960,Dose=1,k_hat=3.356950e-04,theta_hat=1.143838e+01,RMSE_Hobs=3.484092e-04,Hspan_Hobs=2.526083e-02,relRMSE_HobsSpan=1.379247e-02,z_end=3.630710e-01,n_obs=97,success=1,note=`ftol` termination condition is satisfied.
KCOR6_FIT,EnrollmentDate=2022_06,YoB=1960,Dose=2,k_hat=1.157058e-04,theta_hat=1.689437e-07,RMSE_Hobs=9.327217e-05,Hspan_Hobs=1.127358e-02,relRMSE_HobsSpan=8.273520e-03,z_end=2.228445e-09,n_obs=97,success=1,note=`gtol` termination condition is satisfied.
KCOR6_FIT,EnrollmentDate=2022_06,YoB=1960,Dose=3,k_hat=8.366400e-05,theta_hat=9.850138e-12,RMSE_Hobs=2.674003e-04,Hspan_Hobs=8.773729e-03,relRMSE_HobsSpan=3.047739e-02,z_end=9.394761e-14,n_obs=97,success=1,note=`gtol` termination condition is satisfied.
KCOR6_FIT,EnrollmentDate=2022_06,YoB=1970,Dose=0,k_hat=6.465102e-05,theta_hat=2.289816e+01,RMSE_Hobs=2.960832e-05,Hspan_Hobs=5.723085e-03,relRMSE_HobsSpan=5.173491e-03,z_end=1.559471e-01,n_obs=97,success=1,note=`gtol` termination condition is satisfied.
KCOR6_FIT,EnrollmentDate=2022_06,YoB=1970,Dose=1,k_hat=1.314468e-04,theta_hat=3.995637e+01,RMSE_Hobs=1.146401e-04,Hspan_Hobs=9.380166e-03,relRMSE_HobsSpan=1.222154e-02,z_end=4.692179e-01,n_obs=97,success=1,note=`gtol` termination condition is satisfied.
KCOR6_FIT,EnrollmentDate=2022_06,YoB=1970,Dose=2,k_hat=3.799514e-05,theta_hat=8.769546e-06,RMSE_Hobs=2.368065e-05,Hspan_Hobs=3.691771e-03,relRMSE_HobsSpan=6.414442e-03,z_end=3.798481e-08,n_obs=97,success=1,note=`gtol` termination condition is satisfied.
KCOR6_FIT,EnrollmentDate=2022_06,YoB=1970,Dose=3,k_hat=3.037306e-05,theta_hat=1.148563e-06,RMSE_Hobs=1.162155e-04,Hspan_Hobs=3.204100e-03,relRMSE_HobsSpan=3.627086e-02,z_end=3.976932e-09,n_obs=97,success=1,note=`gtol` termination condition is satisfied.
KCOR6_FIT,EnrollmentDate=2022_06,YoB=1980,Dose=0,k_hat=2.598499e-05,theta_hat=2.366285e+01,RMSE_Hobs=2.203930e-05,Hspan_Hobs=2.391041e-03,relRMSE_HobsSpan=9.217452e-03,z_end=6.774855e-02,n_obs=97,success=1,note=`gtol` termination condition is satisfied.
KCOR6_FIT,EnrollmentDate=2022_06,YoB=1980,Dose=1,k_hat=3.805804e-05,theta_hat=1.835684e-07,RMSE_Hobs=1.360732e-04,Hspan_Hobs=3.639690e-03,relRMSE_HobsSpan=3.738593e-02,z_end=7.964328e-10,n_obs=97,success=1,note=`gtol` termination condition is satisfied.
KCOR6_FIT,EnrollmentDate=2022_06,YoB=1980,Dose=2,k_hat=1.369879e-05,theta_hat=5.113130e-05,RMSE_Hobs=2.938442e-05,Hspan_Hobs=1.399880e-03,relRMSE_HobsSpan=2.099067e-02,z_end=7.984982e-08,n_obs=97,success=1,note=`gtol` termination condition is satisfied.
KCOR6_FIT,EnrollmentDate=2022_06,YoB=1980,Dose=3,k_hat=1.409151e-05,theta_hat=7.226860e-05,RMSE_Hobs=3.728604e-05,Hspan_Hobs=1.417670e-03,relRMSE_HobsSpan=2.630092e-02,z_end=1.160946e-07,n_obs=97,success=1,note=`gtol` termination condition is satisfied.
KCOR6_FIT,EnrollmentDate=2022_06,YoB=1990,Dose=0,k_hat=1.210857e-05,theta_hat=4.777947e-05,RMSE_Hobs=1.276417e-05,Hspan_Hobs=1.157455e-03,relRMSE_HobsSpan=1.102779e-02,z_end=6.595368e-08,n_obs=97,success=1,note=`gtol` termination condition is satisfied.
KCOR6_FIT,EnrollmentDate=2022_06,YoB=1990,Dose=1,k_hat=1.701449e-05,theta_hat=4.306979e+02,RMSE_Hobs=8.760591e-05,Hspan_Hobs=1.310303e-03,relRMSE_HobsSpan=6.685928e-02,z_end=6.072647e-01,n_obs=97,success=1,note=`ftol` termination condition is satisfied.
KCOR6_FIT,EnrollmentDate=2022_06,YoB=1990,Dose=2,k_hat=7.367702e-06,theta_hat=3.829558e-05,RMSE_Hobs=1.712340e-05,Hspan_Hobs=7.421471e-04,relRMSE_HobsSpan=2.307278e-02,z_end=3.216514e-08,n_obs=97,success=1,note=`gtol` termination condition is satisfied.
KCOR6_FIT,EnrollmentDate=2022_06,YoB=1990,Dose=3,k_hat=9.592920e-06,theta_hat=5.021172e-05,RMSE_Hobs=2.767940e-05,Hspan_Hobs=9.533030e-04,relRMSE_HobsSpan=2.903526e-02,z_end=5.491118e-08,n_obs=97,success=1,note=`gtol` termination condition is satisfied.
KCOR6_FIT,EnrollmentDate=2022_06,YoB=2000,Dose=0,k_hat=6.657235e-06,theta_hat=5.051473e+02,RMSE_Hobs=5.245309e-06,Hspan_Hobs=5.359177e-04,relRMSE_HobsSpan=9.787528e-03,z_end=3.245217e-01,n_obs=97,success=1,note=`gtol` termination condition is satisfied.
KCOR6_FIT,EnrollmentDate=2022_06,YoB=2000,Dose=1,k_hat=4.841506e-06,theta_hat=1.653094e-09,RMSE_Hobs=5.433261e-05,Hspan_Hobs=4.821740e-04,relRMSE_HobsSpan=1.126826e-01,z_end=9.123948e-13,n_obs=97,success=1,note=`gtol` termination condition is satisfied.
KCOR6_FIT,EnrollmentDate=2022_06,YoB=2000,Dose=2,k_hat=4.198432e-06,theta_hat=1.396496e-05,RMSE_Hobs=4.248796e-06,Hspan_Hobs=3.967214e-04,relRMSE_HobsSpan=1.070977e-02,z_end=6.683928e-09,n_obs=97,success=1,note=`gtol` termination condition is satisfied.
KCOR6_FIT,EnrollmentDate=2022_06,YoB=2000,Dose=3,k_hat=6.250729e-06,theta_hat=5.479082e-06,RMSE_Hobs=1.850863e-05,Hspan_Hobs=6.035432e-04,relRMSE_HobsSpan=3.066662e-02,z_end=3.904301e-09,n_obs=97,success=1,note=`gtol` termination condition is satisfied.
KCOR6_FIT,EnrollmentDate=2022_06,YoB=-2,Dose=0,k_hat=2.296111e-04,theta_hat=2.301390e+01,RMSE_Hobs=1.522425e-04,Hspan_Hobs=1.665776e-02,relRMSE_HobsSpan=9.139436e-03,z_end=4.715051e-01,n_obs=97,success=1,note=`gtol` termination condition is satisfied.
KCOR6_FIT,EnrollmentDate=2022_06,YoB=-2,Dose=1,k_hat=3.095948e-04,theta_hat=2.107342e+01,RMSE_Hobs=2.294648e-04,Hspan_Hobs=2.112770e-02,relRMSE_HobsSpan=1.086085e-02,z_end=5.560444e-01,n_obs=97,success=1,note=`gtol` termination condition is satisfied.
KCOR6_FIT,EnrollmentDate=2022_06,YoB=-2,Dose=2,k_hat=1.457419e-04,theta_hat=2.059194e+01,RMSE_Hobs=7.665223e-05,Hspan_Hobs=1.172445e-02,relRMSE_HobsSpan=6.537810e-03,z_end=2.942551e-01,n_obs=97,success=1,note=`gtol` termination condition is satisfied.
KCOR6_FIT,EnrollmentDate=2022_06,YoB=-2,Dose=3,k_hat=2.876736e-04,theta_hat=1.984639e-15,RMSE_Hobs=5.378199e-04,Hspan_Hobs=2.901911e-02,relRMSE_HobsSpan=1.853330e-02,z_end=6.508581e-17,n_obs=97,success=1,note=`gtol` termination condition is satisfied.
KCOR6_FIT,EnrollmentDate=2022_26,YoB=1920,Dose=0,k_hat=8.131094e-03,theta_hat=8.295918e-01,RMSE_Hobs=9.351224e-03,Hspan_Hobs=5.926169e-01,relRMSE_HobsSpan=1.577954e-02,z_end=4.910774e-01,n_obs=93,success=1,note=`ftol` termination condition is satisfied.
KCOR6_FIT,EnrollmentDate=2022_26,YoB=1920,Dose=1,k_hat=4.998885e-03,theta_hat=8.551397e-18,RMSE_Hobs=2.100352e-02,Hspan_Hobs=5.043122e-01,relRMSE_HobsSpan=4.164784e-02,z_end=4.018261e-18,n_obs=93,success=1,note=`gtol` termination condition is satisfied.
KCOR6_FIT,EnrollmentDate=2022_26,YoB=1920,Dose=2,k_hat=7.211979e-03,theta_hat=5.623686e-02,RMSE_Hobs=6.611154e-03,Hspan_Hobs=6.552528e-01,relRMSE_HobsSpan=1.008947e-02,z_end=3.741566e-02,n_obs=93,success=1,note=`gtol` termination condition is satisfied.
KCOR6_FIT,EnrollmentDate=2022_26,YoB=1920,Dose=3,k_hat=5.864150e-03,theta_hat=4.804695e-12,RMSE_Hobs=6.385578e-03,Hspan_Hobs=5.480771e-01,relRMSE_HobsSpan=1.165087e-02,z_end=2.648493e-12,n_obs=93,success=1,note=`xtol` termination condition is satisfied.
KCOR6_FIT,EnrollmentDate=2022_26,YoB=1930,Dose=0,k_hat=3.540209e-03,theta_hat=5.144392e-01,RMSE_Hobs=3.876253e-03,Hspan_Hobs=3.057848e-01,relRMSE_HobsSpan=1.267641e-02,z_end=1.580245e-01,n_obs=93,success=1,note=`gtol` termination condition is satisfied.
KCOR6_FIT,EnrollmentDate=2022_26,YoB=1930,Dose=1,k_hat=4.685186e-03,theta_hat=9.905222e-01,RMSE_Hobs=8.225013e-03,Hspan_Hobs=3.630707e-01,relRMSE_HobsSpan=2.265403e-02,z_end=3.620240e-01,n_obs=93,success=1,note=`ftol` termination condition is satisfied.
KCOR6_FIT,EnrollmentDate=2022_26,YoB=1930,Dose=2,k_hat=3.303514e-03,theta_hat=5.889924e-01,RMSE_Hobs=3.148921e-03,Hspan_Hobs=2.837826e-01,relRMSE_HobsSpan=1.109624e-02,z_end=1.679691e-01,n_obs=93,success=1,note=`gtol` termination condition is satisfied.
KCOR6_FIT,EnrollmentDate=2022_26,YoB=1930,Dose=3,k_hat=2.088322e-03,theta_hat=4.289037e-14,RMSE_Hobs=2.499412e-03,Hspan_Hobs=1.984134e-01,relRMSE_HobsSpan=1.259699e-02,z_end=8.419475e-15,n_obs=93,success=1,note=`gtol` termination condition is satisfied.
KCOR6_FIT,EnrollmentDate=2022_26,YoB=1940,Dose=0,k_hat=1.312093e-03,theta_hat=1.646700e+00,RMSE_Hobs=1.321482e-03,Hspan_Hobs=1.118392e-01,relRMSE_HobsSpan=1.181592e-02,z_end=1.849004e-01,n_obs=93,success=1,note=`ftol` termination condition is satisfied.
KCOR6_FIT,EnrollmentDate=2022_26,YoB=1940,Dose=1,k_hat=1.928960e-03,theta_hat=2.462287e+00,RMSE_Hobs=3.081225e-03,Hspan_Hobs=1.510091e-01,relRMSE_HobsSpan=2.040423e-02,z_end=3.691242e-01,n_obs=93,success=1,note=`gtol` termination condition is satisfied.
KCOR6_FIT,EnrollmentDate=2022_26,YoB=1940,Dose=2,k_hat=1.142182e-03,theta_hat=7.048214e-01,RMSE_Hobs=1.010802e-03,Hspan_Hobs=1.028851e-01,relRMSE_HobsSpan=9.824567e-03,z_end=7.294669e-02,n_obs=93,success=1,note=`gtol` termination condition is satisfied.
KCOR6_FIT,EnrollmentDate=2022_26,YoB=1940,Dose=3,k_hat=6.596343e-04,theta_hat=3.253273e-13,RMSE_Hobs=8.686801e-04,Hspan_Hobs=6.284556e-02,relRMSE_HobsSpan=1.382246e-02,z_end=2.017212e-14,n_obs=93,success=1,note=`gtol` termination condition is satisfied.
KCOR6_FIT,EnrollmentDate=2022_26,YoB=1950,Dose=0,k_hat=5.251952e-04,theta_hat=4.493541e+00,RMSE_Hobs=4.421092e-04,Hspan_Hobs=4.464288e-02,relRMSE_HobsSpan=9.903241e-03,z_end=2.003569e-01,n_obs=93,success=1,note=`ftol` termination condition is satisfied.
KCOR6_FIT,EnrollmentDate=2022_26,YoB=1950,Dose=1,k_hat=1.028282e-03,theta_hat=1.016484e+01,RMSE_Hobs=1.462225e-03,Hspan_Hobs=6.561327e-02,relRMSE_HobsSpan=2.228551e-02,z_end=6.843680e-01,n_obs=93,success=1,note=`gtol` termination condition is satisfied.
KCOR6_FIT,EnrollmentDate=2022_26,YoB=1950,Dose=2,k_hat=4.259477e-04,theta_hat=2.452667e+00,RMSE_Hobs=2.896759e-04,Hspan_Hobs=3.763544e-02,relRMSE_HobsSpan=7.696891e-03,z_end=9.367480e-02,n_obs=93,success=1,note=`gtol` termination condition is satisfied.
KCOR6_FIT,EnrollmentDate=2022_26,YoB=1950,Dose=3,k_hat=2.449604e-04,theta_hat=7.551480e-12,RMSE_Hobs=3.248275e-04,Hspan_Hobs=2.330022e-02,relRMSE_HobsSpan=1.394096e-02,z_end=1.738825e-13,n_obs=93,success=1,note=`gtol` termination condition is satisfied.
KCOR6_FIT,EnrollmentDate=2022_26,YoB=1960,Dose=0,k_hat=1.806297e-04,theta_hat=9.988443e+00,RMSE_Hobs=1.203715e-04,Hspan_Hobs=1.555610e-02,relRMSE_HobsSpan=7.737900e-03,z_end=1.566581e-01,n_obs=93,success=1,note=`gtol` termination condition is satisfied.
KCOR6_FIT,EnrollmentDate=2022_26,YoB=1960,Dose=1,k_hat=3.664265e-04,theta_hat=2.155495e+01,RMSE_Hobs=3.074499e-04,Hspan_Hobs=2.568723e-02,relRMSE_HobsSpan=1.196898e-02,z_end=5.552869e-01,n_obs=93,success=1,note=`gtol` termination condition is satisfied.
KCOR6_FIT,EnrollmentDate=2022_26,YoB=1960,Dose=2,k_hat=1.194326e-04,theta_hat=1.352025e-14,RMSE_Hobs=1.168232e-04,Hspan_Hobs=1.135436e-02,relRMSE_HobsSpan=1.028884e-02,z_end=1.517873e-16,n_obs=93,success=1,note=`gtol` termination condition is satisfied.
KCOR6_FIT,EnrollmentDate=2022_26,YoB=1960,Dose=3,k_hat=8.803331e-05,theta_hat=2.941107e-13,RMSE_Hobs=1.699046e-04,Hspan_Hobs=8.509393e-03,relRMSE_HobsSpan=1.996671e-02,z_end=2.433804e-15,n_obs=93,success=1,note=`gtol` termination condition is satisfied.
KCOR6_FIT,EnrollmentDate=2022_26,YoB=1970,Dose=0,k_hat=6.052045e-05,theta_hat=1.321049e+01,RMSE_Hobs=3.488110e-05,Hspan_Hobs=5.423859e-03,relRMSE_HobsSpan=6.431049e-03,z_end=7.246341e-02,n_obs=93,success=1,note=`gtol` termination condition is satisfied.
KCOR6_FIT,EnrollmentDate=2022_26,YoB=1970,Dose=1,k_hat=1.315286e-04,theta_hat=4.224739e+01,RMSE_Hobs=1.890742e-04,Hspan_Hobs=9.915112e-03,relRMSE_HobsSpan=1.906929e-02,z_end=4.202443e-01,n_obs=93,success=1,note=`gtol` termination condition is satisfied.
KCOR6_FIT,EnrollmentDate=2022_26,YoB=1970,Dose=2,k_hat=3.954106e-05,theta_hat=2.330730e-05,RMSE_Hobs=2.958174e-05,Hspan_Hobs=3.718663e-03,relRMSE_HobsSpan=7.954939e-03,z_end=8.662998e-08,n_obs=93,success=1,note=`gtol` termination condition is satisfied.
KCOR6_FIT,EnrollmentDate=2022_26,YoB=1970,Dose=3,k_hat=3.223638e-05,theta_hat=5.280313e-05,RMSE_Hobs=5.802229e-05,Hspan_Hobs=3.064448e-03,relRMSE_HobsSpan=1.893401e-02,z_end=1.600051e-07,n_obs=93,success=1,note=`gtol` termination condition is satisfied.
KCOR6_FIT,EnrollmentDate=2022_26,YoB=1980,Dose=0,k_hat=2.584650e-05,theta_hat=3.267477e+01,RMSE_Hobs=2.205729e-05,Hspan_Hobs=2.289627e-03,relRMSE_HobsSpan=9.633576e-03,z_end=7.639206e-02,n_obs=93,success=1,note=`gtol` termination condition is satisfied.
KCOR6_FIT,EnrollmentDate=2022_26,YoB=1980,Dose=1,k_hat=4.774751e-05,theta_hat=3.088954e+01,RMSE_Hobs=1.411021e-04,Hspan_Hobs=4.066853e-03,relRMSE_HobsSpan=3.469566e-02,z_end=1.298350e-01,n_obs=93,success=1,note=`gtol` termination condition is satisfied.
KCOR6_FIT,EnrollmentDate=2022_26,YoB=1980,Dose=2,k_hat=1.449669e-05,theta_hat=1.248830e-05,RMSE_Hobs=2.275207e-05,Hspan_Hobs=1.381988e-03,relRMSE_HobsSpan=1.646329e-02,z_end=1.701767e-08,n_obs=93,success=1,note=`gtol` termination condition is satisfied.
KCOR6_FIT,EnrollmentDate=2022_26,YoB=1980,Dose=3,k_hat=1.447112e-05,theta_hat=1.899504e-05,RMSE_Hobs=1.902239e-05,Hspan_Hobs=1.354114e-03,relRMSE_HobsSpan=1.404785e-02,z_end=2.583867e-08,n_obs=93,success=1,note=`gtol` termination condition is satisfied.
KCOR6_FIT,EnrollmentDate=2022_26,YoB=1990,Dose=0,k_hat=1.227322e-05,theta_hat=2.000615e-01,RMSE_Hobs=1.005591e-05,Hspan_Hobs=1.117001e-03,relRMSE_HobsSpan=9.002594e-03,z_end=2.307808e-04,n_obs=93,success=1,note=`gtol` termination condition is satisfied.
KCOR6_FIT,EnrollmentDate=2022_26,YoB=1990,Dose=1,k_hat=2.402560e-05,theta_hat=7.797025e+02,RMSE_Hobs=7.817895e-05,Hspan_Hobs=1.390971e-03,relRMSE_HobsSpan=5.620460e-02,z_end=1.015551e+00,n_obs=93,success=1,note=`ftol` termination condition is satisfied.
KCOR6_FIT,EnrollmentDate=2022_26,YoB=1990,Dose=2,k_hat=9.296804e-06,theta_hat=4.337909e+02,RMSE_Hobs=7.298812e-06,Hspan_Hobs=7.376644e-04,relRMSE_HobsSpan=9.894488e-03,z_end=3.214236e-01,n_obs=93,success=1,note=`gtol` termination condition is satisfied.
KCOR6_FIT,EnrollmentDate=2022_26,YoB=1990,Dose=3,k_hat=9.194192e-06,theta_hat=4.001425e-01,RMSE_Hobs=1.958200e-05,Hspan_Hobs=8.407684e-04,relRMSE_HobsSpan=2.329060e-02,z_end=3.457650e-04,n_obs=93,success=1,note=`gtol` termination condition is satisfied.
KCOR6_FIT,EnrollmentDate=2022_26,YoB=2000,Dose=0,k_hat=6.216142e-06,theta_hat=4.837015e+02,RMSE_Hobs=4.761147e-06,Hspan_Hobs=5.121886e-04,relRMSE_HobsSpan=9.295690e-03,z_end=2.489167e-01,n_obs=93,success=1,note=`gtol` termination condition is satisfied.
KCOR6_FIT,EnrollmentDate=2022_26,YoB=2000,Dose=1,k_hat=5.260989e-06,theta_hat=3.015576e-05,RMSE_Hobs=6.799201e-05,Hspan_Hobs=4.655734e-04,relRMSE_HobsSpan=1.460393e-01,z_end=1.491302e-08,n_obs=93,success=1,note=`gtol` termination condition is satisfied.
KCOR6_FIT,EnrollmentDate=2022_26,YoB=2000,Dose=2,k_hat=4.244704e-06,theta_hat=1.623258e-05,RMSE_Hobs=4.957995e-06,Hspan_Hobs=3.932174e-04,relRMSE_HobsSpan=1.260879e-02,z_end=6.476834e-09,n_obs=93,success=1,note=`gtol` termination condition is satisfied.
KCOR6_FIT,EnrollmentDate=2022_26,YoB=2000,Dose=3,k_hat=5.006561e-06,theta_hat=7.095235e-06,RMSE_Hobs=1.397023e-05,Hspan_Hobs=4.716450e-04,relRMSE_HobsSpan=2.962023e-02,z_end=3.339136e-09,n_obs=93,success=1,note=`gtol` termination condition is satisfied.
KCOR6_FIT,EnrollmentDate=2022_26,YoB=-2,Dose=0,k_hat=2.013885e-04,theta_hat=2.058098e+01,RMSE_Hobs=1.664697e-04,Hspan_Hobs=1.590476e-02,relRMSE_HobsSpan=1.046666e-02,z_end=3.290221e-01,n_obs=93,success=1,note=`gtol` termination condition is satisfied.
KCOR6_FIT,EnrollmentDate=2022_26,YoB=-2,Dose=1,k_hat=3.000220e-04,theta_hat=2.532761e+01,RMSE_Hobs=3.266930e-04,Hspan_Hobs=2.110910e-02,relRMSE_HobsSpan=1.547641e-02,z_end=5.389996e-01,n_obs=93,success=1,note=`gtol` termination condition is satisfied.
KCOR6_FIT,EnrollmentDate=2022_26,YoB=-2,Dose=2,k_hat=1.354185e-04,theta_hat=1.569526e+01,RMSE_Hobs=9.581092e-05,Hspan_Hobs=1.150106e-02,relRMSE_HobsSpan=8.330618e-03,z_end=1.821468e-01,n_obs=93,success=1,note=`gtol` termination condition is satisfied.
KCOR6_FIT,EnrollmentDate=2022_26,YoB=-2,Dose=3,k_hat=2.808348e-04,theta_hat=5.465292e-12,RMSE_Hobs=2.573525e-04,Hspan_Hobs=2.635521e-02,relRMSE_HobsSpan=9.764766e-03,z_end=1.442754e-13,n_obs=93,success=1,note=`gtol` termination condition is satisfied.
KCOR6_FIT,EnrollmentDate=2022_47,YoB=1920,Dose=0,k_hat=7.151941e-03,theta_hat=9.637877e-01,RMSE_Hobs=7.109459e-03,Hspan_Hobs=4.231267e-01,relRMSE_HobsSpan=1.680220e-02,z_end=4.075866e-01,n_obs=72,success=1,note=`ftol` termination condition is satisfied.
KCOR6_FIT,EnrollmentDate=2022_47,YoB=1920,Dose=1,k_hat=5.574681e-03,theta_hat=8.639479e-20,RMSE_Hobs=1.819604e-02,Hspan_Hobs=4.202596e-01,relRMSE_HobsSpan=4.329715e-02,z_end=3.515851e-20,n_obs=72,success=1,note=`gtol` termination condition is satisfied.
KCOR6_FIT,EnrollmentDate=2022_47,YoB=1920,Dose=2,k_hat=6.922498e-03,theta_hat=3.531208e-11,RMSE_Hobs=3.951617e-03,Hspan_Hobs=4.991006e-01,relRMSE_HobsSpan=7.917477e-03,z_end=1.784469e-11,n_obs=72,success=1,note=`xtol` termination condition is satisfied.
KCOR6_FIT,EnrollmentDate=2022_47,YoB=1920,Dose=3,k_hat=6.468127e-03,theta_hat=3.329242e-01,RMSE_Hobs=6.503775e-03,Hspan_Hobs=4.340429e-01,relRMSE_HobsSpan=1.498418e-02,z_end=1.460015e-01,n_obs=72,success=1,note=`ftol` termination condition is satisfied.
KCOR6_FIT,EnrollmentDate=2022_47,YoB=1920,Dose=4,k_hat=5.916694e-03,theta_hat=1.564502e-14,RMSE_Hobs=4.450582e-03,Hspan_Hobs=4.281142e-01,relRMSE_HobsSpan=1.039578e-02,z_end=6.757376e-15,n_obs=72,success=1,note=`gtol` termination condition is satisfied.
KCOR6_FIT,EnrollmentDate=2022_47,YoB=1930,Dose=0,k_hat=3.348169e-03,theta_hat=4.580953e-01,RMSE_Hobs=3.675276e-03,Hspan_Hobs=2.290247e-01,relRMSE_HobsSpan=1.604751e-02,z_end=1.061296e-01,n_obs=72,success=1,note=`ftol` termination condition is satisfied.
KCOR6_FIT,EnrollmentDate=2022_47,YoB=1930,Dose=1,k_hat=5.410351e-03,theta_hat=2.012724e+00,RMSE_Hobs=5.217547e-03,Hspan_Hobs=2.890893e-01,relRMSE_HobsSpan=1.804822e-02,z_end=5.849697e-01,n_obs=72,success=1,note=`ftol` termination condition is satisfied.
KCOR6_FIT,EnrollmentDate=2022_47,YoB=1930,Dose=2,k_hat=3.013690e-03,theta_hat=2.899171e-01,RMSE_Hobs=2.794838e-03,Hspan_Hobs=2.109072e-01,relRMSE_HobsSpan=1.325151e-02,z_end=6.183007e-02,n_obs=72,success=1,note=`ftol` termination condition is satisfied.
KCOR6_FIT,EnrollmentDate=2022_47,YoB=1930,Dose=3,k_hat=2.294152e-03,theta_hat=2.002347e-01,RMSE_Hobs=1.968563e-03,Hspan_Hobs=1.640741e-01,relRMSE_HobsSpan=1.199801e-02,z_end=3.298393e-02,n_obs=72,success=1,note=`ftol` termination condition is satisfied.
KCOR6_FIT,EnrollmentDate=2022_47,YoB=1930,Dose=4,k_hat=1.976818e-03,theta_hat=9.303010e-16,RMSE_Hobs=2.105230e-03,Hspan_Hobs=1.461244e-01,relRMSE_HobsSpan=1.440710e-02,z_end=1.342496e-16,n_obs=72,success=1,note=`gtol` termination condition is satisfied.
KCOR6_FIT,EnrollmentDate=2022_47,YoB=1940,Dose=0,k_hat=1.174834e-03,theta_hat=2.779305e-01,RMSE_Hobs=1.232766e-03,Hspan_Hobs=8.382746e-02,relRMSE_HobsSpan=1.470599e-02,z_end=2.355648e-02,n_obs=72,success=1,note=`gtol` termination condition is satisfied.
KCOR6_FIT,EnrollmentDate=2022_47,YoB=1940,Dose=1,k_hat=2.375527e-03,theta_hat=7.247819e+00,RMSE_Hobs=2.992300e-03,Hspan_Hobs=1.165100e-01,relRMSE_HobsSpan=2.568276e-02,z_end=8.139787e-01,n_obs=72,success=1,note=`ftol` termination condition is satisfied.
KCOR6_FIT,EnrollmentDate=2022_47,YoB=1940,Dose=2,k_hat=1.075877e-03,theta_hat=1.789394e-01,RMSE_Hobs=8.382969e-04,Hspan_Hobs=7.694418e-02,relRMSE_HobsSpan=1.089487e-02,z_end=1.395589e-02,n_obs=72,success=1,note=`gtol` termination condition is satisfied.
KCOR6_FIT,EnrollmentDate=2022_47,YoB=1940,Dose=3,k_hat=7.328102e-04,theta_hat=4.065606e-01,RMSE_Hobs=5.340000e-04,Hspan_Hobs=5.242302e-02,relRMSE_HobsSpan=1.018636e-02,z_end=2.151588e-02,n_obs=72,success=1,note=`gtol` termination condition is satisfied.
KCOR6_FIT,EnrollmentDate=2022_47,YoB=1940,Dose=4,k_hat=5.999918e-04,theta_hat=2.272450e-14,RMSE_Hobs=1.023419e-03,Hspan_Hobs=4.520516e-02,relRMSE_HobsSpan=2.263942e-02,z_end=9.953194e-16,n_obs=72,success=1,note=`gtol` termination condition is satisfied.
KCOR6_FIT,EnrollmentDate=2022_47,YoB=1950,Dose=0,k_hat=4.702833e-04,theta_hat=1.438250e+00,RMSE_Hobs=3.311877e-04,Hspan_Hobs=3.310400e-02,relRMSE_HobsSpan=1.000446e-02,z_end=4.819580e-02,n_obs=72,success=1,note=`gtol` termination condition is satisfied.
KCOR6_FIT,EnrollmentDate=2022_47,YoB=1950,Dose=1,k_hat=1.034151e-03,theta_hat=1.832275e+01,RMSE_Hobs=1.147439e-03,Hspan_Hobs=4.839086e-02,relRMSE_HobsSpan=2.371190e-02,z_end=8.684609e-01,n_obs=72,success=1,note=`ftol` termination condition is satisfied.
KCOR6_FIT,EnrollmentDate=2022_47,YoB=1950,Dose=2,k_hat=4.254914e-04,theta_hat=4.553708e+00,RMSE_Hobs=2.135156e-04,Hspan_Hobs=2.860619e-02,relRMSE_HobsSpan=7.463964e-03,z_end=1.322925e-01,n_obs=72,success=1,note=`ftol` termination condition is satisfied.
KCOR6_FIT,EnrollmentDate=2022_47,YoB=1950,Dose=3,k_hat=2.574295e-04,theta_hat=1.092573e-12,RMSE_Hobs=1.726935e-04,Hspan_Hobs=1.861667e-02,relRMSE_HobsSpan=9.276285e-03,z_end=2.053201e-14,n_obs=72,success=1,note=`gtol` termination condition is satisfied.
KCOR6_FIT,EnrollmentDate=2022_47,YoB=1950,Dose=4,k_hat=2.441065e-04,theta_hat=6.451890e-12,RMSE_Hobs=4.020645e-04,Hspan_Hobs=1.829473e-02,relRMSE_HobsSpan=2.197706e-02,z_end=1.149712e-13,n_obs=72,success=1,note=`gtol` termination condition is satisfied.
KCOR6_FIT,EnrollmentDate=2022_47,YoB=1960,Dose=0,k_hat=1.712884e-04,theta_hat=9.324186e+00,RMSE_Hobs=9.001100e-05,Hspan_Hobs=1.168979e-02,relRMSE_HobsSpan=7.699966e-03,z_end=1.102795e-01,n_obs=72,success=1,note=`gtol` termination condition is satisfied.
KCOR6_FIT,EnrollmentDate=2022_47,YoB=1960,Dose=1,k_hat=2.552132e-04,theta_hat=1.219911e-03,RMSE_Hobs=3.288160e-04,Hspan_Hobs=1.787910e-02,relRMSE_HobsSpan=1.839108e-02,z_end=2.272737e-05,n_obs=72,success=1,note=`gtol` termination condition is satisfied.
KCOR6_FIT,EnrollmentDate=2022_47,YoB=1960,Dose=2,k_hat=1.196827e-04,theta_hat=9.934707e-08,RMSE_Hobs=9.798722e-05,Hspan_Hobs=8.735159e-03,relRMSE_HobsSpan=1.121756e-02,z_end=8.679790e-10,n_obs=72,success=1,note=`gtol` termination condition is satisfied.
KCOR6_FIT,EnrollmentDate=2022_47,YoB=1960,Dose=3,k_hat=9.014558e-05,theta_hat=4.192411e-05,RMSE_Hobs=7.711337e-05,Hspan_Hobs=6.638162e-03,relRMSE_HobsSpan=1.161667e-02,z_end=2.758869e-07,n_obs=72,success=1,note=`gtol` termination condition is satisfied.
KCOR6_FIT,EnrollmentDate=2022_47,YoB=1960,Dose=4,k_hat=1.212095e-04,theta_hat=7.933110e-14,RMSE_Hobs=1.416757e-04,Hspan_Hobs=8.991835e-03,relRMSE_HobsSpan=1.575604e-02,z_end=7.019449e-16,n_obs=72,success=1,note=`gtol` termination condition is satisfied.
KCOR6_FIT,EnrollmentDate=2022_47,YoB=1970,Dose=0,k_hat=5.976647e-05,theta_hat=1.807419e+01,RMSE_Hobs=2.959843e-05,Hspan_Hobs=4.153912e-03,relRMSE_HobsSpan=7.125436e-03,z_end=7.590198e-02,n_obs=72,success=1,note=`gtol` termination condition is satisfied.
KCOR6_FIT,EnrollmentDate=2022_47,YoB=1970,Dose=1,k_hat=1.467645e-04,theta_hat=1.140368e+02,RMSE_Hobs=1.522175e-04,Hspan_Hobs=7.272759e-03,relRMSE_HobsSpan=2.092981e-02,z_end=7.983034e-01,n_obs=72,success=1,note=`ftol` termination condition is satisfied.
KCOR6_FIT,EnrollmentDate=2022_47,YoB=1970,Dose=2,k_hat=3.958440e-05,theta_hat=2.415075e-09,RMSE_Hobs=2.314804e-05,Hspan_Hobs=2.881672e-03,relRMSE_HobsSpan=8.032850e-03,z_end=6.978750e-12,n_obs=72,success=1,note=`gtol` termination condition is satisfied.
KCOR6_FIT,EnrollmentDate=2022_47,YoB=1970,Dose=3,k_hat=3.202443e-05,theta_hat=5.828737e-05,RMSE_Hobs=4.073326e-05,Hspan_Hobs=2.352464e-03,relRMSE_HobsSpan=1.731515e-02,z_end=1.362632e-07,n_obs=72,success=1,note=`gtol` termination condition is satisfied.
KCOR6_FIT,EnrollmentDate=2022_47,YoB=1970,Dose=4,k_hat=5.183425e-05,theta_hat=3.769849e-13,RMSE_Hobs=1.264904e-04,Hspan_Hobs=3.780864e-03,relRMSE_HobsSpan=3.345543e-02,z_end=1.426473e-15,n_obs=72,success=1,note=`gtol` termination condition is satisfied.
KCOR6_FIT,EnrollmentDate=2022_47,YoB=1980,Dose=0,k_hat=2.459708e-05,theta_hat=9.924191e-02,RMSE_Hobs=2.271820e-05,Hspan_Hobs=1.751378e-03,relRMSE_HobsSpan=1.297161e-02,z_end=1.781816e-04,n_obs=72,success=1,note=`gtol` termination condition is satisfied.
KCOR6_FIT,EnrollmentDate=2022_47,YoB=1980,Dose=1,k_hat=6.659230e-05,theta_hat=1.854806e+02,RMSE_Hobs=8.223273e-05,Hspan_Hobs=3.439800e-03,relRMSE_HobsSpan=2.390625e-02,z_end=6.427301e-01,n_obs=72,success=1,note=`gtol` termination condition is satisfied.
KCOR6_FIT,EnrollmentDate=2022_47,YoB=1980,Dose=2,k_hat=1.502419e-05,theta_hat=2.914822e-05,RMSE_Hobs=2.025603e-05,Hspan_Hobs=1.096228e-03,relRMSE_HobsSpan=1.847793e-02,z_end=3.196877e-08,n_obs=72,success=1,note=`gtol` termination condition is satisfied.
KCOR6_FIT,EnrollmentDate=2022_47,YoB=1980,Dose=3,k_hat=1.335455e-05,theta_hat=3.469502e-06,RMSE_Hobs=1.437760e-05,Hspan_Hobs=9.684683e-04,relRMSE_HobsSpan=1.484571e-02,z_end=3.382356e-09,n_obs=72,success=1,note=`gtol` termination condition is satisfied.
KCOR6_FIT,EnrollmentDate=2022_47,YoB=1980,Dose=4,k_hat=4.642824e-05,theta_hat=1.938814e+02,RMSE_Hobs=8.731968e-05,Hspan_Hobs=2.591072e-03,relRMSE_HobsSpan=3.370022e-02,z_end=5.050781e-01,n_obs=72,success=1,note=`gtol` termination condition is satisfied.
KCOR6_FIT,EnrollmentDate=2022_47,YoB=1990,Dose=0,k_hat=1.281788e-05,theta_hat=1.302524e+02,RMSE_Hobs=7.035073e-06,Hspan_Hobs=8.576887e-04,relRMSE_HobsSpan=8.202362e-03,z_end=1.150039e-01,n_obs=72,success=1,note=`gtol` termination condition is satisfied.
KCOR6_FIT,EnrollmentDate=2022_47,YoB=1990,Dose=1,k_hat=1.032016e-05,theta_hat=2.405611e-09,RMSE_Hobs=7.656394e-05,Hspan_Hobs=8.380767e-04,relRMSE_HobsSpan=9.135673e-02,z_end=1.812318e-12,n_obs=72,success=1,note=`gtol` termination condition is satisfied.
KCOR6_FIT,EnrollmentDate=2022_47,YoB=1990,Dose=2,k_hat=7.915504e-06,theta_hat=2.149385e+02,RMSE_Hobs=6.680501e-06,Hspan_Hobs=5.255838e-04,relRMSE_HobsSpan=1.271063e-02,z_end=1.170702e-01,n_obs=72,success=1,note=`gtol` termination condition is satisfied.
KCOR6_FIT,EnrollmentDate=2022_47,YoB=1990,Dose=3,k_hat=9.435202e-06,theta_hat=3.317475e+02,RMSE_Hobs=1.153393e-05,Hspan_Hobs=6.161433e-04,relRMSE_HobsSpan=1.871956e-02,z_end=2.057920e-01,n_obs=72,success=1,note=`gtol` termination condition is satisfied.
KCOR6_FIT,EnrollmentDate=2022_47,YoB=1990,Dose=4,k_hat=1.945227e-05,theta_hat=2.709744e-05,RMSE_Hobs=5.925232e-05,Hspan_Hobs=1.340419e-03,relRMSE_HobsSpan=4.420434e-02,z_end=3.847879e-08,n_obs=72,success=1,note=`gtol` termination condition is satisfied.
KCOR6_FIT,EnrollmentDate=2022_47,YoB=2000,Dose=0,k_hat=5.125532e-06,theta_hat=2.172795e-05,RMSE_Hobs=5.429425e-06,Hspan_Hobs=3.754578e-04,relRMSE_HobsSpan=1.446081e-02,z_end=8.129813e-09,n_obs=72,success=1,note=`gtol` termination condition is satisfied.
KCOR6_FIT,EnrollmentDate=2022_47,YoB=2000,Dose=1,k_hat=6.366749e-06,theta_hat=1.824491e-08,RMSE_Hobs=6.935826e-05,Hspan_Hobs=4.026478e-04,relRMSE_HobsSpan=1.722554e-01,z_end=8.479734e-12,n_obs=72,success=1,note=`gtol` termination condition is satisfied.
KCOR6_FIT,EnrollmentDate=2022_47,YoB=2000,Dose=2,k_hat=4.109157e-06,theta_hat=1.546930e-05,RMSE_Hobs=4.855574e-06,Hspan_Hobs=2.956762e-04,relRMSE_HobsSpan=1.642193e-02,z_end=4.640303e-09,n_obs=72,success=1,note=`gtol` termination condition is satisfied.
KCOR6_FIT,EnrollmentDate=2022_47,YoB=2000,Dose=3,k_hat=4.639214e-06,theta_hat=1.465534e-05,RMSE_Hobs=1.543858e-05,Hspan_Hobs=3.441457e-04,relRMSE_HobsSpan=4.486060e-02,z_end=4.963216e-09,n_obs=72,success=1,note=`gtol` termination condition is satisfied.
KCOR6_FIT,EnrollmentDate=2022_47,YoB=2000,Dose=4,k_hat=1.832041e-05,theta_hat=1.146866e-08,RMSE_Hobs=1.550387e-04,Hspan_Hobs=1.134269e-03,relRMSE_HobsSpan=1.366860e-01,z_end=1.533807e-11,n_obs=72,success=1,note=`gtol` termination condition is satisfied.
KCOR6_FIT,EnrollmentDate=2022_47,YoB=-2,Dose=0,k_hat=1.782456e-04,theta_hat=1.651866e+01,RMSE_Hobs=1.424335e-04,Hspan_Hobs=1.165370e-02,relRMSE_HobsSpan=1.222217e-02,z_end=1.946944e-01,n_obs=72,success=1,note=`gtol` termination condition is satisfied.
KCOR6_FIT,EnrollmentDate=2022_47,YoB=-2,Dose=1,k_hat=3.170469e-04,theta_hat=4.160532e+01,RMSE_Hobs=2.397020e-04,Hspan_Hobs=1.628186e-02,relRMSE_HobsSpan=1.472203e-02,z_end=6.744389e-01,n_obs=72,success=1,note=`ftol` termination condition is satisfied.
KCOR6_FIT,EnrollmentDate=2022_47,YoB=-2,Dose=2,k_hat=1.217372e-04,theta_hat=1.310706e+01,RMSE_Hobs=7.141149e-05,Hspan_Hobs=8.282884e-03,relRMSE_HobsSpan=8.621573e-03,z_end=1.101809e-01,n_obs=72,success=1,note=`gtol` termination condition is satisfied.
KCOR6_FIT,EnrollmentDate=2022_47,YoB=-2,Dose=3,k_hat=2.478615e-04,theta_hat=4.252869e+00,RMSE_Hobs=1.661237e-04,Hspan_Hobs=1.724948e-02,relRMSE_HobsSpan=9.630650e-03,z_end=7.413385e-02,n_obs=72,success=1,note=`gtol` termination condition is satisfied.
KCOR6_FIT,EnrollmentDate=2022_47,YoB=-2,Dose=4,k_hat=5.229226e-04,theta_hat=5.442933e-12,RMSE_Hobs=5.045787e-04,Hspan_Hobs=3.851857e-02,relRMSE_HobsSpan=1.309962e-02,z_end=2.077750e-13,n_obs=72,success=1,note=`gtol` termination condition is satisfied.
